-- MariaDB dump 10.19  Distrib 10.4.32-MariaDB, for Win64 (AMD64)
--
-- Host: localhost    Database: alcaldia_new
-- ------------------------------------------------------
-- Server version	10.4.32-MariaDB

/*!40101 SET @OLD_CHARACTER_SET_CLIENT=@@CHARACTER_SET_CLIENT */;
/*!40101 SET @OLD_CHARACTER_SET_RESULTS=@@CHARACTER_SET_RESULTS */;
/*!40101 SET @OLD_COLLATION_CONNECTION=@@COLLATION_CONNECTION */;
/*!40101 SET NAMES utf8mb4 */;
/*!40103 SET @OLD_TIME_ZONE=@@TIME_ZONE */;
/*!40103 SET TIME_ZONE='+00:00' */;
/*!40014 SET @OLD_UNIQUE_CHECKS=@@UNIQUE_CHECKS, UNIQUE_CHECKS=0 */;
/*!40014 SET @OLD_FOREIGN_KEY_CHECKS=@@FOREIGN_KEY_CHECKS, FOREIGN_KEY_CHECKS=0 */;
/*!40101 SET @OLD_SQL_MODE=@@SQL_MODE, SQL_MODE='NO_AUTO_VALUE_ON_ZERO' */;
/*!40111 SET @OLD_SQL_NOTES=@@SQL_NOTES, SQL_NOTES=0 */;

--
-- Table structure for table `comunidades`
--

DROP TABLE IF EXISTS `comunidades`;
/*!40101 SET @saved_cs_client     = @@character_set_client */;
/*!40101 SET character_set_client = utf8 */;
CREATE TABLE `comunidades` (
  `id` int(11) NOT NULL AUTO_INCREMENT,
  `comunidad` varchar(255) NOT NULL,
  `jefe` varchar(72) NOT NULL,
  `telefono` text NOT NULL,
  `id_ubch` int(11) DEFAULT NULL,
  PRIMARY KEY (`id`),
  KEY `fk_comunidades_ubch` (`id_ubch`),
  CONSTRAINT `fk_comunidades_ubch` FOREIGN KEY (`id_ubch`) REFERENCES `ubch` (`id`) ON DELETE SET NULL ON UPDATE CASCADE
) ENGINE=InnoDB AUTO_INCREMENT=144 DEFAULT CHARSET=utf8mb4 COLLATE=utf8mb4_general_ci;
/*!40101 SET character_set_client = @saved_cs_client */;

--
-- Dumping data for table `comunidades`
--

LOCK TABLES `comunidades` WRITE;
/*!40000 ALTER TABLE `comunidades` DISABLE KEYS */;
INSERT INTO `comunidades` VALUES (1,'4R','NORKI LISETH BELLO MICHELENA','04166588298',46),(2,'5 Y 7 CASAS','CARMEN BEATRIZ ANDASOL','04149537488',32),(3,'AGUA AZUL','ANA MARIA MARTINEZ RUIZ','04127730539',26),(4,'AGUA LINDA','LUNAIMA JOSEFINA PEREZ ROMERO','04129512494',43),(5,'AGUA NEGRA','YERICA CAROLINA GARRIDO CARDONA','04245220684',43),(6,'AGUA VIVA','HECTOR ENRIQUE RIVERO COLMENAREZ','04169517584',44),(7,'ALBARICAL','FAGNY DAYANA ALEJO GONZALEZ','04120541919',43),(8,'ALDEA LA PAZ','FRANCIS YAKELINE MENDEZ SALAS','04120445399',37),(9,'ALI PRIMERA PLATANALES','NAILET RIVAS PEREZ','04120559744',21),(10,'ALI PRIMERA SABANITA 4','KATIUSKA ROLIMAR ROMERO PERAZA','04245539481',1),(11,'AMIGO TRES CALLEJONES','MAGUEL CAROLINA RIVERO ASUAJE','04261075080',28),(12,'AMINTA ABREU','LEYDA ZORISTELA ROMERO ROJAS','04145384903',35),(13,'ANA SUAREZ CENTRO','PETRA MERCEDES PARADAS PEREZ','04264524799',2),(14,'ANIMAS','EDILYN VIRGINIA ESCALONA SANCHEZ','04125412973',52),(15,'ARENALES VIA LAS VELAS','MILAGROS DEL VALLE URBINA','04260553988',45),(16,'ARENALES VIA EL SALTO','RUBEN PASTOR GIMENEZ RODRIGUEZ','04245568246',57),(17,'BARRIO BOLIVAR','ADELAIDA COROMOTO SERRADA SANTELIZ','04163062217',6),(18,'BRISAS DE LA TAPA','DILCIA ZULMIRA PAEZ LEAL','04264592183',25),(19,'BRISAS DE TEREPAIMA','YAIRA ROSA QUERALES','04245614679',12),(20,'BRISAS DEL PEGON','HONORIO ALBERTO OROZCO','04245228375',7),(21,'CAJA DE AGUA','LINA MARIA ROJAS ESPINOZA','04245262697',54),(22,'CAMBURITO','JHONNY ALEXANDER PALACIO SALAS','04160954461',22),(23,'CAMINO NUEVO','NAYIBE DEL CARMEN ALEJOS OROPEZA','04241491106',18),(24,'CANAAN CELESTIAL TIERRA DE DIOS','DAYANA LISBETH GARCIA MOGOLLON','04245360848',37),(25,'CAÑADA TEMA','DANIEL ALFONSO MICHELENA TORRES','04268093397',46),(26,'CASERIO DE CAÑAVERAL','ARACELIS DOMINGA APOSTOL RIVAS','04121749729',47),(27,'COLINAS DE TEREPAIMA (VOLUNTAD Y ACCION)','YOELIS NOHELYS PRIETO PEREZ','04245235683',12),(28,'CREANDO CONCIENCIA','GLADYS JOSEFINA MARTINEZ DE MOYETONEZ','04145046251',58),(29,'CUJIZAL','CARMEN ELENA GOMEZ TORRELLAS','04122666972',48),(30,'DANIEL CARIAS Y BANCO OBREROS','EILYN MASSIEL ARROCHA CAMBERO','04127726879',27),(31,'DON ANTONIO','DENNY ANDREINA PEREZ RODRIGUEZ','04145469702',2),(32,'DON NICOLA','JACQUELINE COSIMA PANARITO MARCANO','04241073127',37),(33,'DON TEODORO','YUSMERY BETZADITH GALINDEZ ALVAREZ','04262578100',62),(34,'EL CARDON','MARIA AUXILIADORA PEREZ ALVAREZ','04143576674',26),(35,'EL CARMELERO','MARLENE CAROLINA ARROYO MENDOZA','04127943398',33),(36,'EL CHIMBORAZO','JERY JOSE BARROSO CURIEL','04245243911',14),(37,'EL JAGUEY','GAUDIS ALERVIS SALAS VILLEGAS','04125194233',40),(38,'EL JOBITO','FANNY JOSEFINA VARELA GRANADILLO','04145480023',11),(39,'EL MILAGRO DE BARRIO AJURO I','YUSLENNY LUSBEIDA MICHELENA TORRES','04267906587',46),(40,'EL PALMAR','SILVIA JOSEFINA NAVAS DE VASQUEZ','04264319799',32),(41,'EL PARAISO','MARIA DEL CARMEN GIL GIL','04260608813',2),(42,'EL PINAL','MANUEL ANTONIO REYES ALVAREZ','04264580027',49),(43,'EL PLAYON','WILLAN JOSE GALINDEZ','04125163758',51),(44,'EL POR VENIR','MARCILYS YAMELYS ROMERO VARELA','04121741958',37),(45,'EL POZON','NORMA CHIQUINQUIRA SAMBRANO DE CASTILLO','04125175733',49),(46,'EL SALTO','MIYENNY COROMOTO VELIZ DIAZ','04145741219',50),(47,'EL SARURO','YOSMER JOSE CARRILLO OVIEDO','04245206910',25),(48,'EL VAPOR','YTZALI ANDILETCY GUTIERREZ COLMENAREZ','04245674758',43),(49,'ENCRUCIJADA','MARIA EUGENIA PARRA RODRIGUEZ','04161818881',9),(50,'ESPARRAMADERO','JOSE SIMON VASQUEZ OVIEDO','04245349781',26),(51,'FABRICIO SEQUERA / LA MORA','NORKYS LISBETH BALLESTERO RODRIGUEZ','04245374960',37),(52,'FRANCISCA HERNANDEZ','JUAN PABLO RIVERO GATICA','04245887095',37),(53,'GRANVEL','GLENDYS REBECA MORA MELENDEZ','04260654757',28),(54,'HATO VIEJO','ELIZABECTH CATERINE MOLINA GIL','04245748414',9),(55,'II DE SEPTIEMBRE','ARIANNY NATHALY TORRES ESPINOZA','04121407442',4),(56,'JOSE GREGORIO AMAYA','EVA MARIA QUIÑONES PEREIRA','04145533625',8),(57,'JUAN BERNARDO NAHACA','ROSA AURA TORRES RIVAS','04145288053',20),(58,'LA BANDERA','MARIA COLUMBA MUJICA PEREZ','04125257326',3),(59,'LA CONCEPCION','SORANGELA MAUREN MENDOZA RANGEL','04141489677',61),(60,'LA CONCEPCION','JOSE JAVIER CORDERO FIGUEREDO','04145197734',61),(61,'LA ENSENADA','EVELYN ZORAIDA ALVAREZ ALVAREZ','04148408910',30),(62,'LA FLORIDA','SANDRA MASSIEL RUIZ QUIROZ','04127743454',5),(63,'LA FUENTE','MARIA ESTILITA PEÑA','04120953029',37),(64,'LA HILERA','GENESIS YLIANNYS DORANTE SUAREZ','04262545126',32),(65,'LA MAPORITA','FRANCHESKA CAROLINA MARTINEZ LOPEZ','04125251723',40),(66,'LA NUEVA ESPERANZA CRISTO REY','NORELYS YESENIA BALLESTERO RODRIGUEZ','04163517382',13),(67,'LA ORQUIDEA','JOSE RAFAEL OVIEDO TORRES','04120470629',1),(68,'LA PERDOMERA','MARIBEL ROSA PEROZO','04245888824',32),(69,'LA REALIDAD','BETTY MARLENE MOYETONES ARANGUREN','04145093901',12),(70,'LA RURAL SECTOR 102','ALEJANDRO JOSE CASTILLO SANTELIZ','04245137552',24),(71,'LA TRILLA','ALEIDA JOSEFINA RAMIREZ BARCO','04127819899',31),(72,'LA VAQUERA BARRIO AJURO','JHUVEL MADELENNYS SERRANO ALBIZU','04263060359',15),(73,'LA VICTORIA','LENMIS DEL CARMEN TORRES','04245144822',17),(74,'LA VIRGEN','ZULEIMA TERESA PEREZ CASTILLO','04264636896',21),(75,'LAS VELAS CENTRO','ASISCLO ALEJANDRO PUERTA PERAZA','04263560977',28),(76,'LIMONCITO','JUANA MARCELINA MEDINA MEZA','04245765528',33),(77,'LOS PATIECITOS','JOSMARY YESENIA CORTEZ VASQUEZ','04261544942',42),(78,'LOS REVOLUCIONARIOS','MORAIMA COROMOTO ESCOBAR','04125503483',2),(79,'LOS TUBOS','YESSICA CRISTINA DIAZ','04125197490',42),(80,'MAIZANTA','GARY DAMARIS PEÑA MEDINA','04165581531',29),(81,'MONTAÑITA I','SUGEY MARINA ALVARADO VASQUEZ','04140737875',27),(82,'MONTAÑITA II BICENTENARIO','ADRIANA COROMOTO ALVAREZ GUEDEZ','04145147160',4),(83,'MONTAÑITA III','GENARA YSABEL ESCALONA MENDOZA','04121529371',27),(84,'MONTAÑITA INDIO COY (LIRIOS DEL VALLE)','GLEIBER LUIS RODRIGUEZ RODRIGUEZ','04162018640',4),(85,'MOTOCROSS','ANA ZULAY RANGEL GRANADOS','04245267395',2),(86,'OVIDIO MARCHAN','ANA MARITZA SANDOVAL PINEDA','04167862769',25),(87,'PALMICHAL','YRYS YESENIA GONZALEZ','04140358197',30),(88,'PAZ BOLIVARIANA','INGRID ANTONIETA GOMEZ SUAREZ','04145222047',13),(89,'PEGON PASTOR GARCIA','SOYELIS RAMONA ANGULO PARRA','04261540760',49),(90,'PIEDRA ARRIBA','JOSE ESTILITO OSTA','04246032643',62),(91,'PIEDRA CENTRO','DAHIAN MARIHE GUTIERREZ LEDEZMA','04245785462',62),(92,'PILCO MAYO','YULEXA DEL CARMEN MEDINA VILORIA','04120493443',23),(93,'POTRERITO','ELOISA DEL CARMEN RODRIGUEZ','04264556099',46),(94,'PRODUCTORES DE CAMPO ALEGRE','ARACELYS COROMOTO GIMENEZ PIÑA','04143541006',54),(95,'PUEBLO NUEVO','NELY NOHEMI ROJAS ZERPA','04161522485',53),(96,'PUEBLO UNIDO','MILEXA THAIS RUIZ VILLANUEVA','04124717042',25),(97,'QUEBRADA GRANDE','CIRILO PALACIOS','04125051157',51),(98,'RAFAEL RANGEL','YEMNIFER DEL SOCORRO MEZA SALAS','04125256082',20),(99,'RENACER DE UN PUEBLO','MARBELYS MINERBA TUA CARVAJAL','04120489611',54),(100,'REVOLUCION 106','MARLENE COROMOTO SIRA ALVAREZ','04261548504',29),(101,'RIVERA SANTA LUCIA','WISMARI KARINA MARCHENA ROMERO','04149553921',37),(102,'ROCA DE LA SALVACION','MIRIAN RAMONA PEREZ SEQUERA','04145047810',1),(103,'SABANA DE GUAREMAL','NEYISELA MARIA DORANTE MORA','04125196200',51),(104,'SABANA DE TIQUIRE','REINA ISABEL COROBA DE PEÑA','04160566417',36),(105,'SAN ANTONIO (LA REVOLUCION DE SAN ANTONIO)','AIDEE COROMOTO PARRA SOSA','04264396905',46),(106,'SAN ANTONIO - LA PIEDRA','YRIS PASTORA MORO DE GUTIERREZ','04125082767',62),(107,'SAN ANTONIO LA TAPA','YOHERLYS MAGDALENA REA','04245788358',25),(108,'SAN RAFAEL','CARMEN ALICIA GRATEROL MONTESINOS','04245610182',18),(109,'SAN ROQUE','CARMEN SANTIAGA PEREZ COLMENAREZ','04160573918',35),(110,'SANTA BARBARA','JAIRELIS LUCELY GUIZA SUAREZ','04129061622',16),(111,'SANTA EDUVIJE LOS RANCHOS','NORKIS ZULEIMA TORRES','04120569575',2),(112,'SANTA INES','JESUS PASTOR VALLADARES','04125394150',1),(113,'SANTA LUCIA','JANINA MILERVIC ORSINI LINARES','04163392129',19),(114,'SIEMPRE ADELANTE 107 SAN JOSE','MARIANGEL SIRA DE DI MARCELLO','04145753949',29),(115,'SOL BOLIVARIANO','HEDRY DAYANA SIVIRA QUERALEZ','04122063132',47),(116,'SOMOS TODOS','YULEYVIS YANIN ROJAS LINAREZ','04162972294',2),(117,'SUEÑOS BOLIVARIANOS SABANITA I','PETRA ANGELINA RICO RODRIGUEZ','04168675166',20),(118,'TACARIGUA','MIRLAY YISEILA AGUILAR LEAL','04122895339',41),(119,'TACARIGUITA','JUAN CARLOS LOPEZ GRIMAN','04260379794',55),(120,'TAPA LA LUCHA','JAQUELIN DEL CARMEN PARRA MONTILLA','04261074659',25),(121,'TEOLINDA PAEZ','ROSA JACQUELINE PAEZ','04261412040',13),(122,'TEREPAIMA','DAISY MARIA CHAVEZ MARTINEZ','04245769721',12),(123,'TERMO YARACUY','YENNY YACQUELINE COLMENAREZ BULLONES','04149524432',38),(124,'TIAMA','JUAN CARLOS SUAREZ ANTILLANO','04245228680',34),(125,'TIERRA AMARILLA','YOLEIDY YOLIMAR CASTILLO CEDEÑO','04120508154',23),(126,'TORBELLAN','YRIS COROMOTO FLORES','04245376361',52),(127,'TOTUMILLO','RAMON ANTONIO LOPEZ CASTILLO','04162392569',37),(128,'TRICENTENARIA 1','MARIA CHIQUINQUIRA PARRA DE ANGULO','04145294517',38),(129,'TRICENTENARIA POPULAR','ZULIMAR JOSEFINA PERAZA','04121515646',60),(130,'URB SIMON RODRIGUEZ III','YSIELCA JOSEFINA CAMACHO','04125639502',20),(131,'UNIDAD Y ACCION','ANA MARIA DAVILA DE CASTILLO','04244200218',58),(132,'UNION BOLIVARIANA','JOSE DE LA PAZ ALVARADO QUINTANA','04245644050',20),(133,'URB ARAGUANEY','ROSA HAYDEE SANCHEZ GATICA','04245233497',13),(134,'URB SIMON RODRIGUEZ I','DAYANNA KARINA GRATEROL CASTILLO','04245558423',20),(135,'URIBEQUE','ROSA JUDITH AULAR RODRIGUEZ','04263493633',21),(136,'UVEDAL','ZULAIMA JOSEFINA DELGADO GONZALEZ','04125228679',17),(137,'VALLES DE PEÑA','ROSANA DAYANA PEÑA SUAREZ','04245437443',9),(138,'VILLA JARDIN','HERNAN ANTONIO GARCIA SUAREZ','04245955809',20),(139,'VILLA OLIMPICA','CARMEN ELENA VASQUEZ DE CESPED','04264504477',20),(140,'VILLAS DE YARA','ANGELICA MARIA GRANDE MEDEROS','04145083535',54),(141,'VILLAS SANTA LUCIA','MARCOS TULIO LEON SANABRIA','04162564958',34),(142,'YACURAL','MIRTHA ELENA QUEVEDO BRACAMONTE','04121497195',17),(143,'YUMARITO','YURMANDY GABRIELA VARGAS GONZALEZ','04264510284',56);
/*!40000 ALTER TABLE `comunidades` ENABLE KEYS */;
UNLOCK TABLES;

--
-- Table structure for table `roles`
--

DROP TABLE IF EXISTS `roles`;
/*!40101 SET @saved_cs_client     = @@character_set_client */;
/*!40101 SET character_set_client = utf8 */;
CREATE TABLE `roles` (
  `id` int(11) NOT NULL AUTO_INCREMENT,
  `nombre_rol` varchar(100) NOT NULL,
  PRIMARY KEY (`id`)
) ENGINE=InnoDB AUTO_INCREMENT=5 DEFAULT CHARSET=utf8mb4 COLLATE=utf8mb4_general_ci;
/*!40101 SET character_set_client = @saved_cs_client */;

--
-- Dumping data for table `roles`
--

LOCK TABLES `roles` WRITE;
/*!40000 ALTER TABLE `roles` DISABLE KEYS */;
INSERT INTO `roles` VALUES (1,'Jefe de UBCH'),(2,'Jefe de Comunidad'),(3,'Admin');
/*!40000 ALTER TABLE `roles` ENABLE KEYS */;
UNLOCK TABLES;

--
-- Table structure for table `solicitud_comunidad`
--

DROP TABLE IF EXISTS `solicitud_comunidad`;
/*!40101 SET @saved_cs_client     = @@character_set_client */;
/*!40101 SET character_set_client = utf8 */;
CREATE TABLE `solicitud_comunidad` (
  `id_doc` int(11) NOT NULL AUTO_INCREMENT,
  `ci` varchar(20) NOT NULL,
  `estado` varchar(50) NOT NULL,
  `tipo` varchar(100) NOT NULL,
  `nombre` varchar(100) NOT NULL,
  `apellido` varchar(100) NOT NULL,
  PRIMARY KEY (`id_doc`)
) ENGINE=InnoDB AUTO_INCREMENT=36 DEFAULT CHARSET=utf8mb4 COLLATE=utf8mb4_general_ci;
/*!40101 SET character_set_client = @saved_cs_client */;

--
-- Dumping data for table `solicitud_comunidad`
--

LOCK TABLES `solicitud_comunidad` WRITE;
/*!40000 ALTER TABLE `solicitud_comunidad` DISABLE KEYS */;
INSERT INTO `solicitud_comunidad` VALUES (12,'Sin Registrar','Sin Registrar','Comunidad','',''),(13,'Sin Registrar','Sin Registrar','Comunidad','',''),(14,'Sin Registrar','Sin Registrar','Comunidad','',''),(15,'Sin Registrar','Sin Registrar','Comunidad','',''),(16,'','Sin Registrar','Comunidad','',''),(18,'Sin Registrar','Sin Registrar','Comunidad','',''),(20,'Sin Registrar','Sin Registrar','Comunidad','',''),(21,'Sin Registrar','Sin Registrar','Comunidad','',''),(22,'Sin Registrar','Sin Registrar','Comunidad','',''),(23,'Sin Registrar','Sin Registrar','Comunidad','',''),(24,'Sin Registrar','Sin Registrar','Comunidad','',''),(25,'Sin Registrar','Sin Registrar','Comunidad','',''),(26,'Sin Registrar','Sin Registrar','Comunidad','',''),(27,'Sin Registrar','Sin Registrar','Comunidad','',''),(28,'Sin Registrar','Sin Registrar','Comunidad','',''),(29,'Sin Registrar','Sin Registrar','Comunidad','',''),(30,'Sin Registrar','Sin Registrar','Comunidad','',''),(31,'Sin Registrar','Sin Registrar','Comunidad','',''),(32,'Sin Registrar','Sin Registrar','Comunidad','',''),(33,'Sin Registrar','Sin Registrar','Comunidad','',''),(34,'Sin Registrar','Sin Registrar','Comunidad','','');
/*!40000 ALTER TABLE `solicitud_comunidad` ENABLE KEYS */;
UNLOCK TABLES;

--
-- Table structure for table `solicitud_comunidad_archivo`
--

DROP TABLE IF EXISTS `solicitud_comunidad_archivo`;
/*!40101 SET @saved_cs_client     = @@character_set_client */;
/*!40101 SET character_set_client = utf8 */;
CREATE TABLE `solicitud_comunidad_archivo` (
  `id` int(11) NOT NULL AUTO_INCREMENT,
  `id_doc` int(11) DEFAULT NULL,
  `ubicacion` varchar(255) DEFAULT NULL,
  PRIMARY KEY (`id`),
  KEY `id_doc` (`id_doc`),
  CONSTRAINT `solicitud_comunidad_archivo_ibfk_1` FOREIGN KEY (`id_doc`) REFERENCES `solicitud_comunidad` (`id_doc`) ON DELETE CASCADE
) ENGINE=InnoDB AUTO_INCREMENT=56 DEFAULT CHARSET=utf8mb4 COLLATE=utf8mb4_general_ci;
/*!40101 SET character_set_client = @saved_cs_client */;

--
-- Dumping data for table `solicitud_comunidad_archivo`
--

LOCK TABLES `solicitud_comunidad_archivo` WRITE;
/*!40000 ALTER TABLE `solicitud_comunidad_archivo` DISABLE KEYS */;
INSERT INTO `solicitud_comunidad_archivo` VALUES (32,12,'cartas/1761591837_Imagen de WhatsApp 2025-10-27 a las 15.03.39_899ef796.jpg'),(33,13,'cartas/1761593623_WhatsApp Image 2025-10-27 at 3.33.13 PM.jpeg'),(34,14,'cartas/1761594900_#2.jpeg'),(35,15,'cartas/1761595644_#2 copia.jpeg'),(36,16,'cartas/1761595791_#3 copia.jpeg'),(38,18,'cartas/1761603193_IMG_20251027_181031_384~2.jpg'),(40,20,'cartas/1761603702_IMG_20251027_181031_384~2.jpg'),(41,21,'cartas/1761603912_IMG_20251027_182342_998.jpg'),(42,22,'cartas/1761604029_IMG_20251027_182342_998.jpg'),(43,23,'cartas/1761604196_IMG_20251027_182342_998.jpg'),(44,24,'cartas/1761604289_IMG_20251027_182342_998.jpg'),(45,25,'cartas/1761604429_IMG_20251027_182342_998.jpg'),(46,26,'cartas/1761604521_IMG_20251027_182342_998.jpg'),(47,27,'cartas/1761604864_IMG_20251027_183626_749.jpg'),(48,28,'cartas/1761605450_IMG_20251027_184744_701.jpg'),(49,29,'cartas/1761605769_IMG_20251027_185113_033.jpg'),(50,30,'cartas/1761605925_IMG_20251027_185113_033.jpg'),(51,31,'cartas/1761606118_IMG_20251027_185113_033.jpg'),(52,32,'cartas/1761608009_IMG_20251027_192144_246~2.jpg'),(53,33,'cartas/1761608364_17616083484328653782862643986941.jpg'),(54,34,'cartas/1761608476_17616084562904048542349732743101.jpg');
/*!40000 ALTER TABLE `solicitud_comunidad_archivo` ENABLE KEYS */;
UNLOCK TABLES;

--
-- Table structure for table `solicitud_comunidad_fecha`
--

DROP TABLE IF EXISTS `solicitud_comunidad_fecha`;
/*!40101 SET @saved_cs_client     = @@character_set_client */;
/*!40101 SET character_set_client = utf8 */;
CREATE TABLE `solicitud_comunidad_fecha` (
  `id` int(11) NOT NULL AUTO_INCREMENT,
  `id_doc` int(11) NOT NULL,
  `fecha` datetime NOT NULL,
  PRIMARY KEY (`id`),
  KEY `id_doc` (`id_doc`),
  CONSTRAINT `solicitud_comunidad_fecha_ibfk_1` FOREIGN KEY (`id_doc`) REFERENCES `solicitud_comunidad` (`id_doc`) ON DELETE CASCADE
) ENGINE=InnoDB AUTO_INCREMENT=63 DEFAULT CHARSET=utf8mb4 COLLATE=utf8mb4_general_ci;
/*!40101 SET character_set_client = @saved_cs_client */;

--
-- Dumping data for table `solicitud_comunidad_fecha`
--

LOCK TABLES `solicitud_comunidad_fecha` WRITE;
/*!40000 ALTER TABLE `solicitud_comunidad_fecha` DISABLE KEYS */;
INSERT INTO `solicitud_comunidad_fecha` VALUES (39,12,'2025-10-27 15:03:57'),(40,13,'2025-10-27 15:33:43'),(41,14,'2025-10-27 15:55:00'),(42,15,'2025-10-27 16:07:24'),(43,16,'2025-10-27 16:09:51'),(45,18,'2025-10-27 18:13:13'),(47,20,'2025-10-27 18:21:42'),(48,21,'2025-10-27 18:25:12'),(49,22,'2025-10-27 18:27:09'),(50,23,'2025-10-27 18:29:56'),(51,24,'2025-10-27 18:31:29'),(52,25,'2025-10-27 18:33:49'),(53,26,'2025-10-27 18:35:21'),(54,27,'2025-10-27 18:41:04'),(55,28,'2025-10-27 18:50:50'),(56,29,'2025-10-27 18:56:09'),(57,30,'2025-10-27 18:58:45'),(58,31,'2025-10-27 19:01:58'),(59,32,'2025-10-27 19:33:29'),(60,33,'2025-10-27 19:39:24'),(61,34,'2025-10-27 19:41:16');
/*!40000 ALTER TABLE `solicitud_comunidad_fecha` ENABLE KEYS */;
UNLOCK TABLES;

--
-- Table structure for table `solicitud_comunidad_info`
--

DROP TABLE IF EXISTS `solicitud_comunidad_info`;
/*!40101 SET @saved_cs_client     = @@character_set_client */;
/*!40101 SET character_set_client = utf8 */;
CREATE TABLE `solicitud_comunidad_info` (
  `id` int(11) NOT NULL AUTO_INCREMENT,
  `id_doc` int(11) NOT NULL,
  `descripcion` text DEFAULT NULL,
  `creador` varchar(100) DEFAULT NULL,
  `comunidad` varchar(100) NOT NULL,
  `monto` int(20) NOT NULL,
  PRIMARY KEY (`id`),
  KEY `id_doc` (`id_doc`),
  CONSTRAINT `solicitud_comunidad_info_ibfk_1` FOREIGN KEY (`id_doc`) REFERENCES `solicitud_comunidad` (`id_doc`) ON DELETE CASCADE
) ENGINE=InnoDB AUTO_INCREMENT=63 DEFAULT CHARSET=utf8mb4 COLLATE=utf8mb4_general_ci;
/*!40101 SET character_set_client = @saved_cs_client */;

--
-- Dumping data for table `solicitud_comunidad_info`
--

LOCK TABLES `solicitud_comunidad_info` WRITE;
/*!40000 ALTER TABLE `solicitud_comunidad_info` DISABLE KEYS */;
INSERT INTO `solicitud_comunidad_info` VALUES (39,12,'Censo de tanques 141, incluyendo uno para el consultorio y uno para las cocinas de la escuela','Silvia Solarzano','SAN ROQUE',19940),(40,13,'Solicitud (plenaria) de 44 tanques y 435 metros de mangueras de 8 pulgadas aguas blancas','Silvia Solarzano','LA FUENTE',21385),(41,14,'Solicitud de medicinas para hipertensos, diabéticos','Silvia Solarzano','AMINTA ABREU',0),(42,15,'Solicitud de 78 bombillos, y un total de 415 tanques','Administrador Admin','AMINTA ABREU',58295),(43,16,'Solicitud de inspección de techos de Preescolar en Don Nicola que están en mal estado','Administrador Admin','AMINTA ABREU',0),(45,18,'Solicitud de Techo 303 Laminas de Zinc para beneficiar 23 familias ','Administrador Admin','DANIEL CARIAS Y BANCO OBREROS',0),(47,20,'Solicitud de materiales de construcción para tres familias. 500 bloques de cemento, 600 bloques rojos , 20 cabillas media, 45 saco de cemento , 1 puerta, estuvo, 3 tubos de 3x1 y 4 tubos de 2x1 ','Administrador Admin','DANIEL CARIAS Y BANCO OBREROS',0),(48,21,'Solicitud de una maquina de oruga D9 para arreglar la carretera que está en mal estado ','Administrador Admin','ANIMAS',0),(49,22,'Solicitud de Kits de Herramientas para ayudar a los agricultores ','Administrador Admin','ANIMAS',0),(50,23,'Solicitud de 4 rollos de mangueras de 2 pulgadas, 10 rollos de mangueras de 1 pulgada, 5 rollos de mangueras de media pulgada para el servicio del agua en la comunidad ','Administrador Admin','ANIMAS',460),(51,24,'Solicitud de Tanques de Agua para almacenamiento que beneficiará 36 familias ','Administrador Admin','ANIMAS',5040),(52,25,'Solicitud de 1 nebulizador, 1 tensiómetro, medicinas: Acetaminofen, antialérgico,Alcohol,  ','Administrador Admin','ANIMAS',200),(53,26,'Solicitud de Ayudas Técnicas Colchones para beneficiarios casos vulnerables 1 niño con hidrocefalia, 1 adulto con esquizofrenia ','Administrador Admin','ANIMAS',500),(54,27,'Solicitud de 59 Tanques de Agua para almacenamiento. Para beneficiar 59 familias ','Administrador Admin','PEGON PASTOR GARCIA',8260),(55,28,'Solicitud de medicamentos: Biocor HCT 40mg, Tensomax 30 MG, Atorvastatina, Captopril 50mg, Losartan potásico 20 MG, Candesartan 16 MG ','Administrador Admin','EL POR VENIR',30),(56,29,'Solicitud de 7 puertas, 2 juego de baños, 63 laminas de Zinc, 150 bloques, 5 ventanas para beneficiar 7 familias ','Administrador Admin','EL POR VENIR',0),(57,30,'Solicitud de 7 Tanques de Agua para almacenamiento para beneficiar 7 familias ','Administrador Admin','EL POR VENIR',980),(58,31,'Solicitud de Enseres nevera o congelador , lavadora, 2 colchón matrimonial ','Administrador Admin','EL POR VENIR',2000),(59,32,'Solicitud de 4 rollos de mangueras 2 3/4 , 2 rollos 1 pulgada con 2 juntas , 10 cabillas 3 octavos , 2 corta corrientes con fisil 15/27 ','Administrador Admin','TORBELLAN',0),(60,33,'Solicitud de Medicamentos: 3 Enalapril , 2 Metformina, 1 Bisoprolol,  1 Hidroten, 1 Candesarta, Acetaminofen pediátrico, Antialérgico, Gotas para el asma,  ','Administrador Admin','TORBELLAN',100),(61,34,'Solicitud del Arreglo del Tanque de Almacenamiento ','Administrador Admin','TORBELLAN',0);
/*!40000 ALTER TABLE `solicitud_comunidad_info` ENABLE KEYS */;
UNLOCK TABLES;

--
-- Table structure for table `solicitud_ubch`
--

DROP TABLE IF EXISTS `solicitud_ubch`;
/*!40101 SET @saved_cs_client     = @@character_set_client */;
/*!40101 SET character_set_client = utf8 */;
CREATE TABLE `solicitud_ubch` (
  `id_doc` int(11) NOT NULL AUTO_INCREMENT,
  `ci` varchar(20) NOT NULL,
  `estado` varchar(50) NOT NULL,
  PRIMARY KEY (`id_doc`)
) ENGINE=InnoDB DEFAULT CHARSET=utf8mb4 COLLATE=utf8mb4_general_ci;
/*!40101 SET character_set_client = @saved_cs_client */;

--
-- Dumping data for table `solicitud_ubch`
--

LOCK TABLES `solicitud_ubch` WRITE;
/*!40000 ALTER TABLE `solicitud_ubch` DISABLE KEYS */;
/*!40000 ALTER TABLE `solicitud_ubch` ENABLE KEYS */;
UNLOCK TABLES;

--
-- Table structure for table `solicitud_ubch_fecha`
--

DROP TABLE IF EXISTS `solicitud_ubch_fecha`;
/*!40101 SET @saved_cs_client     = @@character_set_client */;
/*!40101 SET character_set_client = utf8 */;
CREATE TABLE `solicitud_ubch_fecha` (
  `id` int(11) NOT NULL AUTO_INCREMENT,
  `id_doc` int(11) NOT NULL,
  `fecha` datetime NOT NULL,
  PRIMARY KEY (`id`),
  KEY `id_doc` (`id_doc`),
  CONSTRAINT `solicitud_ubch_fecha_ibfk_1` FOREIGN KEY (`id_doc`) REFERENCES `solicitud_ubch` (`id_doc`) ON DELETE CASCADE
) ENGINE=InnoDB DEFAULT CHARSET=utf8mb4 COLLATE=utf8mb4_general_ci;
/*!40101 SET character_set_client = @saved_cs_client */;

--
-- Dumping data for table `solicitud_ubch_fecha`
--

LOCK TABLES `solicitud_ubch_fecha` WRITE;
/*!40000 ALTER TABLE `solicitud_ubch_fecha` DISABLE KEYS */;
/*!40000 ALTER TABLE `solicitud_ubch_fecha` ENABLE KEYS */;
UNLOCK TABLES;

--
-- Table structure for table `solicitud_ubch_info`
--

DROP TABLE IF EXISTS `solicitud_ubch_info`;
/*!40101 SET @saved_cs_client     = @@character_set_client */;
/*!40101 SET character_set_client = utf8 */;
CREATE TABLE `solicitud_ubch_info` (
  `id` int(11) NOT NULL AUTO_INCREMENT,
  `id_doc` int(11) NOT NULL,
  `descripcion` text DEFAULT NULL,
  `creador` varchar(100) DEFAULT NULL,
  PRIMARY KEY (`id`),
  KEY `id_doc` (`id_doc`),
  CONSTRAINT `solicitud_ubch_info_ibfk_1` FOREIGN KEY (`id_doc`) REFERENCES `solicitud_ubch` (`id_doc`) ON DELETE CASCADE
) ENGINE=InnoDB DEFAULT CHARSET=utf8mb4 COLLATE=utf8mb4_general_ci;
/*!40101 SET character_set_client = @saved_cs_client */;

--
-- Dumping data for table `solicitud_ubch_info`
--

LOCK TABLES `solicitud_ubch_info` WRITE;
/*!40000 ALTER TABLE `solicitud_ubch_info` DISABLE KEYS */;
/*!40000 ALTER TABLE `solicitud_ubch_info` ENABLE KEYS */;
UNLOCK TABLES;

--
-- Table structure for table `ubch`
--

DROP TABLE IF EXISTS `ubch`;
/*!40101 SET @saved_cs_client     = @@character_set_client */;
/*!40101 SET character_set_client = utf8 */;
CREATE TABLE `ubch` (
  `id` int(11) NOT NULL AUTO_INCREMENT,
  `comunidad` varchar(100) NOT NULL,
  `jefe` varchar(75) NOT NULL,
  `telefono` text NOT NULL,
  PRIMARY KEY (`id`)
) ENGINE=InnoDB AUTO_INCREMENT=63 DEFAULT CHARSET=utf8mb4 COLLATE=utf8mb4_general_ci;
/*!40101 SET character_set_client = @saved_cs_client */;

--
-- Dumping data for table `ubch`
--

LOCK TABLES `ubch` WRITE;
/*!40000 ALTER TABLE `ubch` DISABLE KEYS */;
INSERT INTO `ubch` VALUES (1,'CASA COMUNAL LA ROCA DE LA SALVACIÓN','PEDRO LUIS SEVILLA PIMIENTA','04145380454'),(2,'CEIB LUISA CÁCERES DE ARISMENDI','ALBANY ANDREINA NUÑEZ','04125773641'),(3,'CEIB MARIA LUISA DE GARRIDO','MARILYN DAYANARA GUTIERREZ LUCERO','04245658977'),(4,'CENTRO DE DIOS AMOR DE CRISTO','SONIA DOLORES HERRADE OSTA','04245064662'),(5,'CENTRO DE EDUCACION INICIAL BOLIVARIANA JUAN MIGUEL ROO','LILIAN ANTONIA SOTO RUIZ','04245216982'),(6,'CENTRO DE EDUCACION INICIAL BOLIVARIANO JESUS MILLAN','WILKARY WILMAR MONTERO GIMENEZ','04245996102'),(7,'CENTRO DE EDUCACION INICIAL BOLIVARIANO JESUS MILLAN NUCLEO EL PEGON','ELVIA ROSA OLIVERO MOLLETONES','04121454002'),(8,'CENTRO DE EDUCACION INICIAL BOLIVARIANO MANUEL CEDEÑO.','ODALYS MARIA QUERALES LINAREZ','04167001715'),(9,'CENTRO DE EDUCACION INICIAL BOLIVARIANO MARIA DOLORES MOSQUERA','JORGE ANTONIO GIMENEZ REYES','04262457859'),(10,'CENTRO DE EDUCACION INICIAL BOLIVARIANO REINALDO REYES','CARMEN BEATRIZ PIÑA GARCES','04245272123'),(11,'CENTRO DE EDUCACION INICIAL GRAN MARISCAL DE AYACUCHO','JUAN GUILLERMO ALVAREZ GRIMAN','04124759584'),(12,'CENTRO DE EDUCACION INICIAL LOS ROSALES','MILEIDY COROMOTO QUERALEZ','04265521929'),(13,'CENTRO DE EDUCACION INICIAL SABANITA','MIREYA DEL CARMEN NUÑEZ','04245252266'),(14,'CENTRO DE EDUCATION INICIAL BOLIVARIANO SIMONCITO MATILDE LUCIA GONZALEZ','Sin Registrar','04125459163'),(15,'CENTRO DE VOTACION LA VAQUERA','ANTONIO LUIS SERRANO NUÑEZ','04261090450'),(16,'CENTRO DE VOTACION SOCIALES SANTA BARBARA','JOLFRANK JESUS ESPINOZA REA','04129061622'),(17,'CENTRO DE VOTACION SOCIALES UVEDAL','JOSE ABEL BARRETO','04127172459'),(18,'CENTRO INICIAL BOLIVARIANO CAMINO NUEVO','JOSE PASTOR PEROZA CORTEZ','04128528028'),(19,'COLEGIO SANTA LUCIA','HARRISON RAMON PADILLA ASUAJE','04125506777'),(20,'ESCUELA BASICA AMERICA YUDITH IBARRA','JOSE GREGORIO MORENO BASTIDAS','04125194205'),(21,'ESCUELA BASICA ANTONIO PINTO SALINAS','MIREYA DEL CARMEN ROJAS MENDOZA','04124857186'),(22,'ESCUELA BASICA CAMBURITO. NER 231','BEILYS DEL CARMEN PALACIO SALAS','04264726276 / 04120167409'),(23,'ESCUELA BASICA CARMEN FERNANDEZ DE LEONI','JESUS DANIEL GAMEZ YANES','04168509640'),(24,'ESCUELA BASICA CONSUELO DE RODRIGUEZ','ANA ROSA SANTELIZ','04143569041'),(25,'ESCUELA BASICA CORONEL JOSE VICENTE PEÑA','ANA ANGELINA YLARRAZA MORILLO','04122969569'),(26,'ESCUELA BASICA EL CARDON','NELIDA FRANCISCA COLMENAREZ RODRIGUEZ','04162544317'),(27,'ESCUELA BASICA JESUS MILLAN','ROSA DE LA CRUZ GALINDEZ PARRA','04120515063'),(28,'ESCUELA BASICA JOSE ATANACIO GONZALEZ','DULCE COROMOTO GONZALEZ PIÑA','04161860043'),(29,'ESCUELA BASICA JUAN MIGUEL ROO','JOSE IBRAIN MENDEZ PARRA','04162394465'),(30,'ESCUELA BASICA LA ENSENADA','ANA PASTORA ALVAREZ ARENA','04244624431'),(31,'ESCUELA BASICA MANUEL CEDEÑO','MARIA MAXIMA COLMENAREZ DE CAURO','04121554083'),(32,'ESCUELA BASICA MARIA CLEMENTINA DE BONILLA','MIGUEL ANTONIO REYES VASQUEZ','04245500582'),(33,'ESCUELA BASICA MARIA TERESA SANZ','YOTSERYS PASTORA RUIZ MEDINA','04126794212'),(34,'ESCUELA BASICA MATILDE LUCIA GONZALEZ','EDANIL RAMON ROJAS','04145176864'),(35,'ESCUELA BASICA ROSARIO MONTERO DE MORON','NELLY ELENA SERRANO NUÑEZ','04245182016'),(36,'ESCUELA BASICA SABANA DE TIQUIRE NER 231','LUIS ANTONIO PERNALETE','04122657376'),(37,'ESCUELA BASICA TOTUMILLO HERMINIA FARIAS','JOSE GREGORIO PALENCIA MARTINEZ','04145716082'),(38,'ESCUELA BASICA YOCASTA DE CALISTRI','NORDYS ALEXIS ANGULO GRATEROL','04120671274'),(39,'ESCUELA BASICA CONCENTRADA MIXTA LA MAPORITA. NER 231','CARMEN ELENA ALEJOS MARTINEZ','04169535719'),(40,'ESCUELA BASICA CONCENTRADA MIXTA LA MAPORITA. NER 232','CARMEN ELENA ALEJOS MARTINEZ','04169535719'),(41,'ESCUELA BOLIVARIANA JORNADA COMPLETA TACARIGUA','JUAN RAMON CHUELLO SIRA','04122895339 / 04246507012'),(42,'ESCUELA CONCENTRADA LOS TUBOS','YELITZA PASTORA PUERTA CARDENAS','04161896998'),(43,'ESCUELA INTEGRAL BOLIVARIANA AGUA NEGRA','YORGELYS ADALY PEREZ MEDINA','04145165524'),(44,'ESCUELA INTEGRAL BOLIVARIANA AGUA VIVA','RODOLFO JOSE BALLESTER','04260564773'),(45,'ESCUELA INTEGRAL BOLIVARIANA ARENALES','MARIBEL DEL CARMEN PEREZ MENDOZA','04261094329'),(46,'ESCUELA INTEGRAL BOLIVARIANA BARRIO NUEVO','MARITZA NAILEX MICHELENA TORRES','04160519928'),(47,'ESCUELA INTEGRAL BOLIVARIANA CAÑAVERAL','VICDALI MAGDALENA MELENDEZ D\' HOY','04143553753'),(48,'ESCUELA INTEGRAL BOLIVARIANA CUJIZAL','MIGUEL ANGEL BLANCO JUAREZ','04145229640'),(49,'ESCUELA INTEGRAL BOLIVARIANA EL POZON','SANDRA YANETH ANGULO PEREZ','04145700487'),(50,'ESCUELA INTEGRAL BOLIVARIANA EL SALTO','MARLENE MARGARITA ARTEAGA CAURO','04245859259'),(51,'ESCUELA INTEGRAL BOLIVARIANA GUAREMAL','LOAMMI DAVID VELASQUEZ LIMA','04165185485'),(52,'ESCUELA INTEGRAL BOLIVARIANA LAS ANIMAS','ELIZABETH AUXILIADORA MENDOZA TORREALBA','04264165545'),(53,'ESCUELA INTEGRAL BOLIVARIANA PUEBLO NUEVO','DARWIN YORDANO ARENAS','04245956238'),(54,'ESCUELA INTEGRAL BOLIVARIANA REINALDO REYES','MARY JOSELIN SOTELDO AGUERO','04145121243'),(55,'ESCUELA INTEGRAL BOLIVARIANA TACARIGUITA','WILLIAM JOSE LOPEZ','04161269099'),(56,'ESCUELA INTEGRAL BOLIVARIANA YUMARITO','DEILYS JOSEFINA PEREZ VASQUEZ','04165586791'),(57,'ESCUELA NACIONAL ARENALES','YOHANA RAFAELA OVIEDO REYES','04121539140'),(58,'ESCUELA TECNICA ROBINSONIANA CARLOS JOSE MUJICA','LUIS FELIPE GONZALEZ CRESPO','04244663022'),(59,'JARDIN DE INFANCIA BOLIVARIANO LAUREANO VILLANUEVA','PEDRO ANTONIO MORALES ALVAREZ','04122105814'),(60,'LICEO COCOROTE','HECTOR JOSE BRITO MEDINA','04165179476'),(61,'UNIDAD EDUCATIVA LAUREANO VILLANUEVA','DANIEL IGNACIO MORALES ALVAREZ','04245296418'),(62,'UNIDAD EDUCATIVA NIRGUA','ANGEL DUGLAS ALFONSO GONZALEZ VARGAS','04145336135');
/*!40000 ALTER TABLE `ubch` ENABLE KEYS */;
UNLOCK TABLES;

--
-- Table structure for table `usuarios`
--

DROP TABLE IF EXISTS `usuarios`;
/*!40101 SET @saved_cs_client     = @@character_set_client */;
/*!40101 SET character_set_client = utf8 */;
CREATE TABLE `usuarios` (
  `ci` varchar(20) NOT NULL,
  `clave` varchar(255) NOT NULL,
  `sesion` tinyint(1) DEFAULT 0,
  `id_rol` int(11) DEFAULT NULL,
  PRIMARY KEY (`ci`),
  KEY `id_rol` (`id_rol`),
  CONSTRAINT `usuarios_ibfk_1` FOREIGN KEY (`id_rol`) REFERENCES `roles` (`id`) ON DELETE SET NULL
) ENGINE=InnoDB DEFAULT CHARSET=utf8mb4 COLLATE=utf8mb4_general_ci;
/*!40101 SET character_set_client = @saved_cs_client */;

--
-- Dumping data for table `usuarios`
--

LOCK TABLES `usuarios` WRITE;
/*!40000 ALTER TABLE `usuarios` DISABLE KEYS */;
INSERT INTO `usuarios` VALUES ('12','$2y$10$8FXqzSEt5pDsBGn2.Ma0fOK.1Y116c2Gdh882.tSFAcFNqjpLfXpi',0,3),('16481124','$2y$10$tUwF1RdXMnTRrnivl0/Apuij7oaIicU9xJILHZxHqf8Ikwg3J5UmW',1,2);
/*!40000 ALTER TABLE `usuarios` ENABLE KEYS */;
UNLOCK TABLES;

--
-- Table structure for table `usuarios_info`
--

DROP TABLE IF EXISTS `usuarios_info`;
/*!40101 SET @saved_cs_client     = @@character_set_client */;
/*!40101 SET character_set_client = utf8 */;
CREATE TABLE `usuarios_info` (
  `id` int(11) NOT NULL AUTO_INCREMENT,
  `ci` varchar(20) DEFAULT NULL,
  `nombre` varchar(100) DEFAULT NULL,
  `apellido` varchar(100) DEFAULT NULL,
  `telefono` varchar(20) DEFAULT NULL,
  PRIMARY KEY (`id`),
  KEY `ci` (`ci`),
  CONSTRAINT `usuarios_info_ibfk_1` FOREIGN KEY (`ci`) REFERENCES `usuarios` (`ci`) ON DELETE CASCADE
) ENGINE=InnoDB AUTO_INCREMENT=4 DEFAULT CHARSET=utf8mb4 COLLATE=utf8mb4_general_ci;
/*!40101 SET character_set_client = @saved_cs_client */;

--
-- Dumping data for table `usuarios_info`
--

LOCK TABLES `usuarios_info` WRITE;
/*!40000 ALTER TABLE `usuarios_info` DISABLE KEYS */;
INSERT INTO `usuarios_info` VALUES (2,'12','calo','jose','4323'),(3,'16481124','Eva','Quiñones','04145533625');
/*!40000 ALTER TABLE `usuarios_info` ENABLE KEYS */;
UNLOCK TABLES;
/*!40103 SET TIME_ZONE=@OLD_TIME_ZONE */;

/*!40101 SET SQL_MODE=@OLD_SQL_MODE */;
/*!40014 SET FOREIGN_KEY_CHECKS=@OLD_FOREIGN_KEY_CHECKS */;
/*!40014 SET UNIQUE_CHECKS=@OLD_UNIQUE_CHECKS */;
/*!40101 SET CHARACTER_SET_CLIENT=@OLD_CHARACTER_SET_CLIENT */;
/*!40101 SET CHARACTER_SET_RESULTS=@OLD_CHARACTER_SET_RESULTS */;
/*!40101 SET COLLATION_CONNECTION=@OLD_COLLATION_CONNECTION */;
/*!40111 SET SQL_NOTES=@OLD_SQL_NOTES */;

-- Dump completed on 2025-10-29 16:18:01
